{"stats":{"minecraft:mined":{"minecraft:tuff":4,"minecraft:spruce_planks":10,"minecraft:mossy_cobblestone":5,"minecraft:red_nether_bricks":5,"minecraft:nether_bricks":17,"minecraft:grass_block":3,"minecraft:white_concrete":1,"minecraft:chiseled_stone_bricks":1,"minecraft:spawner":3,"minecraft:large_fern":1,"minecraft:smooth_stone":2,"minecraft:packed_mud":2,"minecraft:furnace":2,"minecraft:iron_ore":54,"minecraft:cobbled_deepslate":2,"minecraft:andesite":230,"minecraft:deepslate_lapis_ore":3,"minecraft:gold_block":1,"minecraft:polished_deepslate":1,"minecraft:deepslate_iron_ore":15,"minecraft:iron_bars":7,"minecraft:iron_block":1,"minecraft:stone":189,"minecraft:spruce_slab":1,"minecraft:redstone_block":1,"minecraft:soul_sand":1,"blue_skies:potted_brittlebush":1,"undead_unleashed:ancient_dirt":4,"minecraft:crafting_table":7,"minecraft:light_gray_concrete_powder":1,"minecraft:emerald_ore":1,"undead_unleashed:grave_soil":3,"minecraft:polished_andesite_stairs":3,"minecraft:dead_bush":1,"minecraft:cobblestone":29,"minecraft:copper_ore":1,"minecraft:spruce_stairs":2,"minecraft:nether_wart_block":1,"minecraft:birch_log":31,"minecraft:spruce_log":3,"minecraft:birch_leaves":1,"minecraft:light_gray_wool":1,"minecraft:grass":1,"minecraft:coal_ore":31,"minecraft:dripstone_block":1,"minecraft:gravel":4,"minecraft:sand":3,"minecraft:dirt":6,"minecraft:cracked_stone_bricks":14,"minecraft:stone_bricks":6,"minecraft:polished_andesite":16,"minecraft:netherrack":1,"minecraft:mossy_stone_bricks":1,"minecraft:gold_ore":7,"minecraft:deepslate":108,"minecraft:fern":1},"minecraft:used":{"minecraft:iron_shovel":23,"minecraft:stone":1,"minecraft:iron_sword":18,"minecraft:torch":4,"simplyswords:gold_claymore":29,"minecraft:dirt":3,"minecraft:nether_bricks":10,"minecraft:tuff":3,"minecraft:wooden_axe":43,"mowziesmobs:umvuthana_mask_faith":1,"minecraft:iron_axe":24,"minecraft:stone_bricks":2,"minecraft:light_gray_wool":1,"immersive_armors:wooden_chestplate":1,"minecraft:golden_carrot":5,"minecraft:furnace":2,"minecraft:cobbled_deepslate":87,"immersive_armors:wooden_helmet":1,"minecraft:water_bucket":7,"minecraft:birch_planks":1,"minecraft:polished_andesite":1,"minecraft:stone_pickaxe":131,"minecraft:wooden_pickaxe":20,"minecraft:redstone_block":1,"minecraft:cracked_stone_bricks":2,"minecraft:golden_apple":19,"minecraft:sand":2,"minecraft:crafting_table":9,"simplyswords:diamond_claymore":122,"minecraft:dripstone_block":1,"minecraft:iron_pickaxe":621,"minecraft:potion":2,"minecraft:cobblestone":167,"forbidden_arcanus:splash_aureal_bottle":1,"minecraft:bucket":8,"minecraft:andesite":148,"immersive_armors:wooden_leggings":1,"minecraft:experience_bottle":1},"minecraft:killed":{"mowziesmobs:umvuthana_crane":8,"mowziesmobs:umvuthana":1,"majruszsdifficulty:cursed_armor":2,"minecraft:sheep":3,"minecraft:zombie":4,"minecraft:wither_skeleton":2},"minecraft:picked_up":{"minecraft:crafting_table":8,"minecraft:redstone_block":1,"minecraft:leather_leggings":1,"minecraft:stone_brick_wall":3,"minecraft:gold_block":2,"minecraft:raw_copper":9,"minecraft:red_nether_bricks":5,"minecraft:item_frame":1,"minecraft:experience_bottle":1,"minecraft:cracked_stone_bricks":14,"minecraft:diamond_leggings":1,"minecraft:smooth_stone":2,"minecraft:cobbled_deepslate":107,"minecraft:spruce_planks":19,"minecraft:light_gray_wool":3,"minecraft:spruce_slab":1,"minecraft:furnace":2,"minecraft:stick":4,"minecraft:raw_iron":83,"apotheosis:gem":6,"minecraft:stone":11,"minecraft:spruce_stairs":2,"origins:orb_of_origin":2,"mowziesmobs:umvuthana_mask_faith":4,"minecraft:stone_sword":1,"minecraft:diamond_chestplate":1,"minecraft:rotten_flesh":2,"minecraft:nether_bricks":17,"minecraft:diamond_boots":1,"minecraft:iron_block":1,"sophisticatedbackpacks:copper_backpack":1,"minecraft:mutton":3,"minecraft:iron_bars":7,"forbidden_arcanus:spawner_scrap":2,"minecraft:white_wool":1,"minecraft:cobblestone":203,"minecraft:birch_log":31,"minecraft:feather":7,"minecraft:andesite":228,"minecraft:leather":2,"minecraft:packed_mud":1,"minecraft:tuff":4,"minecraft:chainmail_chestplate":1,"minecraft:nether_wart_block":1,"minecraft:gunpowder":1,"minecraft:lapis_lazuli":20,"minecraft:dirt":2,"minecraft:light_gray_concrete_powder":1,"minecraft:bone":5,"majruszsaccessories:miner_guide":1,"minecraft:stone_bricks":24,"mowziesmobs:umvuthana_mask_rage":2,"minecraft:wheat_seeds":1,"minecraft:raw_gold":7,"minecraft:iron_ingot":6,"minecraft:mossy_stone_bricks":1,"minecraft:diamond_helmet":1,"twigs:twig":2,"minecraft:book":12,"minecraft:polished_andesite_stairs":3,"minecraft:chiseled_stone_bricks":1,"patchouli:guide_book":1,"minecraft:dripstone_block":1,"minecraft:spruce_log":2,"minecraft:mossy_cobblestone":5,"minecraft:polished_andesite":14,"minecraft:deepslate":2,"minecraft:golden_apple":11,"minecraft:white_concrete":1,"minecraft:emerald":3,"minecraft:netherrack":1,"minecraft:coal":49,"iter_rpg:spawner_fragment":1},"minecraft:killed_by":{"mowziesmobs:umvuthi":1,"mowziesmobs:umvuthana":1,"minecraft:skeleton":1},"minecraft:broken":{"minecraft:stone_pickaxe":1,"minecraft:iron_pickaxe":2,"minecraft:wooden_axe":1},"minecraft:dropped":{"minecraft:soul_sand":1,"minecraft:wheat_seeds":1,"minecraft:glass_bottle":1,"minecraft:feather":2,"minecraft:book":12,"minecraft:cracked_stone_bricks":1,"endrem:lost_eye":1,"undead_unleashed:grave_metal_scrap":2,"minecraft:item_frame":1,"minecraft:polished_andesite":3,"twigs:pebble":1,"minecraft:dirt":2,"ars_nouveau:worn_notebook":1,"minecraft:mutton":3,"minecraft:nether_wart_block":1,"minecraft:white_wool":1,"twigs:twig":2,"minecraft:gravel":4,"alexsmobs:animal_dictionary":1,"minecraft:raw_copper":9,"minecraft:tuff":1,"majruszsaccessories:miner_guide":1,"minecraft:light_gray_wool":2,"minecraft:nether_bricks":5,"patchouli:guide_book":5,"minecraft:chiseled_stone_bricks":1,"minecraft:spruce_planks":1,"minecraft:stone_brick_wall":3,"minecraft:stone_bricks":19,"minecraft:slime_ball":5,"minecraft:wooden_pickaxe":1,"immersive_armors:wooden_helmet":1,"minecraft:netherrack":1},"minecraft:crafted":{"minecraft:golden_carrot":4,"minecraft:furnace":1,"immersive_armors:wooden_chestplate":1,"minecraft:iron_axe":1,"minecraft:stone_pickaxe":1,"minecraft:chest":1,"immersive_armors:wooden_helmet":1,"sophisticatedbackpacks:iron_backpack":1,"sophisticatedbackpacks:backpack":1,"minecraft:crafting_table":3,"minecraft:spruce_planks":8,"minecraft:wooden_pickaxe":1,"minecraft:iron_sword":1,"immersive_armors:wooden_leggings":1,"minecraft:birch_planks":28,"minecraft:air":0,"immersive_armors:wooden_boots":1,"minecraft:golden_apple":4,"minecraft:gold_nugget":18,"minecraft:stick":12,"minecraft:iron_ingot":24,"minecraft:iron_pickaxe":1,"minecraft:wooden_axe":1,"minecraft:gold_ingot":18,"minecraft:torch":4},"minecraft:custom":{"enigmaticlegacy:play_time_with_seven_curses":0,"lootr:looted_stat":27,"minecraft:mob_kills":20,"minecraft:interact_with_crafting_table":28,"minecraft:open_barrel":1,"minecraft:fill_cauldron":1,"minecraft:damage_dealt_resisted":75,"minecraft:time_since_death":6649,"minecraft:climb_one_cm":960,"minecraft:damage_resisted":0,"minecraft:sprint_one_cm":280761,"minecraft:walk_one_cm":394507,"minecraft:drop":44,"minecraft:damage_dealt_absorbed":48,"minecraft:play_time":120132,"minecraft:deaths":3,"minecraft:sneak_time":16340,"minecraft:walk_under_water_one_cm":10402,"minecraft:jump":1558,"minecraft:walk_on_water_one_cm":13533,"minecraft:total_world_time":120132,"minecraft:interact_with_furnace":9,"enigmaticlegacy:play_time_without_seven_curses":120027,"minecraft:waystone_activated":1,"minecraft:time_since_rest":6691,"minecraft:damage_taken":4025,"minecraft:damage_absorbed":382,"minecraft:damage_dealt":10073,"minecraft:swim_one_cm":30124,"minecraft:fly_one_cm":211622,"minecraft:crouch_one_cm":66272,"minecraft:use_cauldron":1,"minecraft:fall_one_cm":64117}},"DataVersion":3120}