{"stats":{"minecraft:mined":{"minecraft:tuff":2,"minecraft:mossy_cobblestone":1,"minecraft:nether_bricks":1,"minecraft:coal_block":1,"farmersdelight:wild_cabbages":1,"minecraft:spruce_leaves":1,"minecraft:spawner":11,"minecraft:furnace":3,"aquaculture:tackle_box":1,"minecraft:iron_ore":12,"minecraft:gold_block":9,"minecraft:vine":1,"minecraft:iron_bars":7,"minecraft:stone":26,"minecraft:iron_block":1,"minecraft:smoker":1,"minecraft:cobblestone":2,"minecraft:amethyst_block":11,"ecologics:seashell":1,"forbidden_arcanus:edelwood_log":1,"minecraft:birch_log":36,"minecraft:birch_leaves":1,"minecraft:tnt":1,"minecraft:stone_brick_stairs":1,"minecraft:coal_ore":10,"minecraft:stone_bricks":3,"minecraft:fern":1},"minecraft:used":{"minecraft:shield":51,"minecraft:iron_sword":52,"aquaculture:birch_fish_mount":2,"minecraft:wooden_axe":32,"aquaculture:iron_fishing_rod":4,"minecraft:furnace":3,"aquaculture:fish_fillet_cooked":32,"aquaculture:tackle_box":1,"minecraft:birch_planks":1,"minecraft:stone_pickaxe":33,"minecraft:polished_andesite":1,"minecraft:wooden_pickaxe":15,"minecraft:crafting_table":2,"minecraft:smoker":1,"simplyswords:watching_warglaive":130,"minecraft:diamond_pickaxe":34,"minecraft:iron_pickaxe":26,"mowziesmobs:sol_visage":1,"minecraft:diamond_sword":135,"minecraft:cobblestone":2,"minecraft:andesite":3},"minecraft:killed":{"minecraft:witch":1,"mowziesmobs:umvuthi":1,"minecraft:vindicator":2,"minecraft:spider":3,"aquamirae:tortured_soul":1,"minecraft:phantom":1,"minecraft:skeleton":15,"mowziesmobs:umvuthana_crane_player":1,"alexsmobs:orca":2,"alexsmobs:banana_slug":1,"mowziesmobs:umvuthana_crane":77,"aquaculture:perch":1,"mowziesmobs:umvuthana":23,"minecraft:husk":1,"alexsmobs:seal":1,"iter_rpg:spiderling":2,"majruszsdifficulty:cursed_armor":15,"bosses_of_mass_destruction:void_blossom":1,"minecraft:sheep":1,"undead_unleashed:frenzied_knight":1,"aquaculture:minnow":2,"enemyexpansion:meature":1,"minecraft:zombie":5,"undead_unleashed:shadewraith":2,"minecraft:stray":13,"undead_unleashed:haunter":3,"minecraft:wither_skeleton":3,"minecraft:enderman":9},"minecraft:picked_up":{"iter_rpg:spawner_fragment":6,"minecraft:chainmail_boots":1,"undead_unleashed:cursed_cloth":1,"ecologics:seashell":1,"minecraft:gold_block":8,"minecraft:enchanted_book":3,"minecraft:diamond_horse_armor":1,"minecraft:stone_brick_stairs":1,"minecraft:shield":1,"minecraft:amethyst_block":11,"minecraft:string":5,"minecraft:netherite_scrap":1,"minecraft:pufferfish":1,"minecraft:iron_shovel":1,"minecraft:experience_bottle":1,"undead_unleashed:grave_metal_ingot":1,"minecraft:spruce_planks":6,"undead_unleashed:grave_metal_sword":4,"minecraft:iron_pickaxe":1,"minecraft:coal_block":1,"minecraft:birch_sapling":1,"farmersdelight:cabbage_seeds":1,"minecraft:iron_boots":2,"minecraft:furnace":3,"minecraft:tipped_arrow":1,"minecraft:raw_iron":18,"apotheosis:gem":7,"mowziesmobs:sol_visage":1,"minecraft:spruce_stairs":1,"minecraft:golden_axe":2,"bosses_of_mass_destruction:void_thorn":2,"mowziesmobs:umvuthana_mask_faith":17,"minecraft:tnt":1,"minecraft:arrow":7,"minecraft:rotten_flesh":4,"minecraft:nether_bricks":1,"aquaculture:brown_trout":1,"minecraft:diamond_boots":2,"minecraft:iron_block":1,"mowziesmobs:umvuthana_mask_bliss":1,"minecraft:gold_ingot":4,"relics:reflection_necklace":1,"minecraft:mutton":1,"minecraft:iron_bars":2,"minecraft:cod":1,"forbidden_arcanus:spawner_scrap":8,"minecraft:white_wool":1,"minecraft:cobblestone":31,"minecraft:birch_log":36,"minecraft:feather":52,"aquaculture:tackle_box":1,"minecraft:andesite":3,"minecraft:golden_leggings":2,"majruszsdifficulty:tattered_helmet":1,"minecraft:smoker":1,"minecraft:tuff":2,"minecraft:chainmail_chestplate":1,"minecraft:wither_skeleton_skull":2,"minecraft:leather_boots":2,"minecraft:bone":12,"majruszsaccessories:miner_guide":1,"minecraft:stone_bricks":2,"mowziesmobs:umvuthana_mask_rage":2,"minecraft:bow":1,"aquaculture:minnow":3,"minecraft:diamond_helmet":2,"minecraft:glass_bottle":1,"twigs:twig":4,"apotheosis:gem_dust":1,"minecraft:iron_sword":2,"minecraft:polished_andesite_stairs":1,"endrem:lost_eye":1,"aquaculture:birch_fish_mount":1,"bosses_of_mass_destruction:crystal_fruit":2,"undead_unleashed:grave_metal_leggings":1,"undead_unleashed:grave_metal_scrap":2,"minecraft:spider_eye":1,"forbidden_arcanus:ender_pearl_fragment":10,"forbidden_arcanus:edelwood_log":1,"minecraft:polished_andesite":1,"ringsofascension:ring_strength":1,"minecraft:diamond":3,"minecraft:chainmail_leggings":2,"minecraft:diamond_axe":3,"minecraft:chainmail_helmet":1,"minecraft:emerald":1,"mowziesmobs:umvuthana_mask_fear":1,"alexsmobs:banana_slug_slime":1,"minecraft:coal":19,"minecraft:ender_pearl":20},"minecraft:killed_by":{"bosses_of_mass_destruction:void_blossom":2,"mowziesmobs:umvuthi":1,"minecraft:skeleton":2,"majruszsdifficulty:cursed_armor":1},"minecraft:dropped":{"minecraft:iron_sword":2,"minecraft:tnt":1,"minecraft:diamond_leggings":1,"minecraft:cobblestone":2,"minecraft:spruce_stairs":1,"minecraft:chainmail_helmet":1,"minecraft:golden_apple":12,"origins:orb_of_origin":2,"ringsofascension:ring_strength":1,"minecraft:diamond_helmet":1,"minecraft:polished_andesite_stairs":1,"minecraft:chainmail_leggings":1,"minecraft:tuff":2,"minecraft:rotten_flesh":4,"iter_rpg:spawner_fragment":1,"minecraft:diamond_chestplate":1,"minecraft:golden_leggings":2,"minecraft:stone_bricks":2,"minecraft:diamond_boots":1,"sophisticatedbackpacks:copper_backpack":1,"minecraft:stone_brick_stairs":1},"minecraft:crafted":{"minecraft:iron_nugget":9,"minecraft:furnace":1,"blue_skies:zeal_lighter":1,"immersive_armors:wooden_chestplate":1,"aquaculture:fish_fillet_raw":130,"minecraft:iron_boots":1,"minecraft:stone_pickaxe":1,"aquaculture:fish_fillet_cooked":16,"immersive_armors:wooden_helmet":1,"minecraft:birch_button":5,"blue_skies:blue_journal":1,"minecraft:crafting_table":2,"minecraft:wooden_pickaxe":1,"minecraft:iron_sword":1,"immersive_armors:wooden_leggings":1,"minecraft:birch_planks":48,"aquaculture:birch_fish_mount":1,"minecraft:air":0,"immersive_armors:wooden_boots":1,"minecraft:iron_chestplate":1,"minecraft:shield":1,"minecraft:stick":8,"minecraft:iron_ingot":12,"minecraft:iron_pickaxe":1,"minecraft:wooden_axe":1,"minecraft:iron_leggings":1},"minecraft:custom":{"enigmaticlegacy:play_time_with_seven_curses":0,"lootr:looted_stat":48,"minecraft:mob_kills":190,"minecraft:interact_with_crafting_table":26,"minecraft:damage_dealt_resisted":28498,"minecraft:leave_game":12,"minecraft:time_since_death":21046,"minecraft:climb_one_cm":7324,"minecraft:damage_resisted":16,"minecraft:sprint_one_cm":279076,"minecraft:walk_one_cm":188610,"minecraft:damage_blocked_by_shield":40,"minecraft:drop":27,"minecraft:damage_dealt_absorbed":36,"minecraft:talked_to_villager":4,"minecraft:play_time":139873,"minecraft:deaths":6,"minecraft:sneak_time":3932,"minecraft:walk_under_water_one_cm":15619,"minecraft:jump":1423,"minecraft:walk_on_water_one_cm":10105,"minecraft:total_world_time":139873,"minecraft:interact_with_furnace":20,"enigmaticlegacy:play_time_without_seven_curses":139661,"minecraft:traded_with_villager":2,"minecraft:time_since_rest":21089,"minecraft:waystone_activated":2,"minecraft:damage_taken":8122,"minecraft:damage_dealt":1135761,"minecraft:fly_one_cm":541102,"minecraft:swim_one_cm":19843,"minecraft:crouch_one_cm":6637,"minecraft:interact_with_smoker":3,"minecraft:fish_caught":3,"minecraft:fall_one_cm":68981}},"DataVersion":3120}