{"stats":{"minecraft:mined":{"minecraft:tuff":5,"minecraft:jungle_leaves":1,"minecraft:sea_lantern":4,"minecraft:jungle_planks":1,"iter_rpg:big_vase":1,"minecraft:chiseled_stone_bricks":1,"minecraft:spawner":2,"forbidden_arcanus:deepslate_arcane_crystal_ore":2,"iter_rpg:small_vase":2,"minecraft:iron_ore":2,"minecraft:cobbled_deepslate":10,"minecraft:andesite":1,"minecraft:stripped_spruce_log":1,"minecraft:deepslate_lapis_ore":9,"minecraft:gold_block":8,"minecraft:bookshelf":16,"minecraft:iron_bars":6,"ars_nouveau:rune":1,"minecraft:stone":37,"atmospheric:rosewood_leaves":3,"iter_rpg:vase":1,"minecraft:cobblestone":5,"minecraft:deepslate_coal_ore":1,"minecraft:lapis_ore":9,"minecraft:grindstone":1,"minecraft:damaged_anvil":1,"iter_rpg:arcane_flower_seeds":1,"iter_rpg:abyss_quartz":1,"celestisynth:lunar_stone":7,"minecraft:grass":3,"ars_nouveau:mage_block":1,"iter_rpg:spider_egg":1,"minecraft:cobweb":1,"minecraft:cracked_stone_bricks":5,"minecraft:smooth_basalt":1,"minecraft:polished_andesite":2,"minecraft:stone_bricks":8,"minecraft:mossy_stone_bricks":2,"minecraft:oak_leaves":2,"minecraft:deepslate":19,"forbidden_arcanus:runic_deepslate":1,"minecraft:fern":1},"minecraft:used":{"minecraft:stone_sword":180,"simplyswords:iron_warglaive":427,"minecraft:jungle_planks":1,"minecraft:tuff":6,"aquaculture:diamond_fishing_rod":4,"minecraft:stone_bricks":5,"minecraft:smooth_basalt":1,"iter_rpg:arcane_flower_seeds":1,"minecraft:golden_carrot":11,"minecraft:acacia_planks":9,"minecraft:cobbled_deepslate":32,"minecraft:stone_pickaxe":53,"minecraft:wooden_pickaxe":6,"minecraft:cracked_stone_bricks":2,"minecraft:golden_apple":9,"minecraft:crafting_table":3,"celestisynth:solaris":1,"endrem:rogue_eye":1,"waystones:waystone":1,"celestisynth:lunar_stone":7,"simplyswords:watching_warglaive":51,"minecraft:diamond_pickaxe":105,"minecraft:stone_axe":17,"minecraft:chiseled_stone_bricks":1,"minecraft:fishing_rod":1,"minecraft:cobblestone":47,"minecraft:golden_pickaxe":1},"minecraft:killed":{"minecraft:vex":1,"minecraft:witch":1,"minecraft:spider":5,"minecraft:skeleton":15,"minecraft:chicken":1,"minecraft:pig":2,"aquamirae:maw":1,"iter_rpg:spiderling":2,"majruszsdifficulty:cursed_armor":11,"minecraft:creeper":5,"minecraft:sheep":2,"minecraft:zombie":25,"enemyexpansion:botfly":10,"undead_unleashed:haunter":1},"minecraft:picked_up":{"iter_rpg:spawner_fragment":1,"minecraft:iron_chestplate":1,"minecraft:chicken":1,"minecraft:leather_leggings":2,"minecraft:gold_block":12,"minecraft:enchanted_book":1,"undead_unleashed:grave_metal_chestplate":1,"minecraft:shield":1,"minecraft:string":4,"apotheosis:epic_material":5,"minecraft:iron_leggings":1,"minecraft:experience_bottle":1,"minecraft:cracked_stone_bricks":4,"irons_spellbooks:arcane_essence":3,"minecraft:cobbled_deepslate":31,"celestisynth:lunar_stone":7,"undead_unleashed:grave_metal_sword":1,"minecraft:redstone_torch":6,"minecraft:golden_helmet":1,"minecraft:raw_iron":2,"apotheosis:gem":6,"sophisticatedbackpacks:backpack":1,"minecraft:porkchop":4,"minecraft:prismarine_crystals":10,"minecraft:stone_sword":2,"minecraft:arrow":15,"minecraft:rotten_flesh":21,"minecraft:iron_block":1,"iter_rpg:arcane_flower_seeds":1,"forbidden_arcanus:spawner_scrap":1,"minecraft:mutton":4,"minecraft:iron_bars":4,"minecraft:cod":2,"minecraft:white_wool":4,"minecraft:cobblestone":42,"minecraft:leather_chestplate":2,"minecraft:feather":1,"minecraft:golden_carrot":2,"minecraft:andesite":1,"minecraft:tuff":6,"minecraft:gunpowder":2,"minecraft:lapis_lazuli":114,"aquamirae:fin":1,"minecraft:leather_boots":2,"minecraft:bone":15,"minecraft:acacia_planks":20,"minecraft:apple":4,"minecraft:stone_bricks":7,"minecraft:kelp":1,"minecraft:bow":2,"minecraft:rabbit_hide":1,"minecraft:iron_ingot":2,"iter_rpg:potsherd":4,"minecraft:grindstone":1,"forbidden_arcanus:rune":1,"minecraft:mossy_stone_bricks":2,"twigs:twig":2,"apotheosis:gem_dust":1,"aquaculture:atlantic_herring":1,"minecraft:book":54,"minecraft:smooth_basalt":1,"minecraft:chiseled_stone_bricks":1,"undead_unleashed:grave_metal_leggings":1,"minecraft:jungle_planks":17,"minecraft:stripped_spruce_log":1,"undead_unleashed:grave_metal_scrap":12,"iter_rpg:stone_geode":1,"minecraft:spider_eye":1,"minecraft:leather_helmet":3,"forbidden_arcanus:arcane_crystal":2,"minecraft:polished_andesite":1,"waystones:waystone":1,"iter_rpg:abyssquartz_shard":2,"minecraft:iron_helmet":2,"minecraft:diamond_axe":1,"undead_unleashed:grave_metal_axe":1,"minecraft:oak_sapling":1,"minecraft:damaged_anvil":1,"minecraft:coal":1},"minecraft:killed_by":{"minecraft:skeleton":1},"minecraft:broken":{"minecraft:leather_boots":1,"minecraft:iron_helmet":1},"minecraft:dropped":{"minecraft:iron_ingot":1,"minecraft:cobblestone":2,"minecraft:apple":8,"minecraft:leather_helmet":1,"minecraft:golden_apple":6,"minecraft:gold_block":2,"minecraft:iron_shovel":1,"minecraft:string":1,"iter_rpg:potsherd":2,"minecraft:bone":1,"minecraft:stone_sword":1,"minecraft:cobbled_deepslate":1,"minecraft:rotten_flesh":2,"minecraft:iron_boots":1,"minecraft:leather_chestplate":2,"ringsofascension:ring_night_vision":1,"minecraft:oak_sapling":1},"minecraft:crafted":{"minecraft:stone_pickaxe":1,"minecraft:crafting_table":2,"minecraft:spruce_planks":4,"minecraft:wooden_pickaxe":1,"minecraft:stone_axe":1,"minecraft:stick":12,"minecraft:stone_sword":1,"minecraft:gold_ingot":90},"minecraft:custom":{"enigmaticlegacy:play_time_with_seven_curses":0,"lootr:looted_stat":61,"minecraft:mob_kills":89,"minecraft:interact_with_anvil":1,"minecraft:interact_with_crafting_table":13,"minecraft:open_barrel":2,"minecraft:damage_dealt_resisted":2129,"minecraft:leave_game":1,"minecraft:time_since_death":59916,"minecraft:climb_one_cm":706,"minecraft:damage_resisted":0,"minecraft:sprint_one_cm":157219,"minecraft:walk_one_cm":274012,"minecraft:drop":26,"minecraft:damage_dealt_absorbed":112,"minecraft:talked_to_villager":4,"minecraft:play_time":143906,"minecraft:deaths":1,"minecraft:sneak_time":11700,"minecraft:walk_under_water_one_cm":97656,"minecraft:jump":1568,"minecraft:walk_on_water_one_cm":22607,"minecraft:total_world_time":143906,"enigmaticlegacy:play_time_without_seven_curses":143883,"minecraft:interact_with_grindstone":1,"minecraft:time_since_rest":59939,"minecraft:waystone_activated":2,"minecraft:damage_taken":2718,"minecraft:damage_absorbed":227,"minecraft:damage_dealt":59861,"minecraft:swim_one_cm":64356,"minecraft:fly_one_cm":1067872,"minecraft:open_chest":1,"minecraft:crouch_one_cm":12147,"minecraft:fish_caught":2,"minecraft:fall_one_cm":141710}},"DataVersion":3120}